PC1,PC2,LD1
-75.71465491386213,-35.950782638477776,1.3802470189496319
-82.35826759857926,28.90821322188604,-1.5645239891925236
-74.6306434395524,-67.90649646533764,1.7661851477760806
11.077422725984201,34.89848586271184,-1.6905875216218558
89.74378806141745,-2.746937076207579,2.2072680423954707
-80.9779219233742,-3.9468871676988098,-0.6309450106190885
4.350959294086808,46.9339122026728,-1.3291804279973063
-82.13729445124015,7.097953920942042,1.1266376064350845
468.86638867562954,-31.528257571760303,1.4425038892767386
-80.19384983570707,-18.048282925069397,-1.578216473478032
-81.10497038159521,-1.2090135366111567,-0.3603250752976603
-75.74217323757391,-55.758465784435714,2.263558312840152
-78.71637198664281,-31.128431706002907,1.640692655366555
767.4740620387643,4.2676841413096165,1.182822720750619
98.75739538134377,-37.567773310911235,1.1310707076218334
-83.6831663104803,21.5772175374863,0.39103910883136545
150.93944047856374,16.197163772339184,0.15757544474918267
-81.80976268404345,4.429602045843601,-0.3970935685921984
2.0247619494410354,23.827289143885068,0.16125157436391777
16.14846692901152,7.800201136260458,-0.26137216153562426
156.30452500530555,8.77573620796775,0.2666829776342955
-82.41974203130461,7.829792021147858,0.041699688506160265
-72.73967494495346,-86.24860792575426,2.702105321751517
-78.4182971461452,-5.800007951576857,0.02126616429282577
69.05116262133147,-20.905990586035152,1.3019514603413918
35.65317151852244,-1.6561215560173952,0.5136056828355922
-77.77058291993515,-36.884974029496306,1.3981322358776258
56.98491485251999,31.100479607083248,-1.5872826145829668
32.223892714827635,-25.574008812572927,0.8872923449214037
-80.49978846957484,-8.994191990742097,-0.09527165614829888
-80.02788066874416,-0.47277418845138197,0.40570423558715596
168.75733485219718,-19.753709890557438,0.8918057312211334
-29.656437464900264,32.49602844415756,-1.5405034680140897
-83.1104857239883,17.357229919063126,-1.7528160185336432
-78.47861431312545,-10.864046293945345,0.488314327341581
110.17679870248647,30.433003469801985,-0.6088929615089268
-78.71723567196325,-26.813234444247247,1.1702201475063907
-80.0296953340782,8.844540952989831,0.31480571404852
-80.87234245722195,24.508556622334563,-0.5933175787659538
127.00144441127483,19.34231164320228,0.8272090680694858
-3.7062044091701396,-56.46749099927501,1.481045381804444
-78.97836765970852,-23.60623597705758,1.2065254110261328
-80.68156444498737,1.830220575825081,-0.8289025750711319
164.96987998219979,-42.813215664077916,2.496609783828132
-76.94737619885694,-45.864432509488516,1.114064060585266
-72.21859597411951,-62.73411130405525,2.8052816740362876
-78.2639584180526,-30.52094241429792,0.47371613029672416
-83.73496854159212,43.00870415552483,-1.757698193157641
-80.25238841228317,10.858967095711844,0.23645587302660787
-83.5860108818758,19.24684829210054,-1.500864150522218
-0.09960759370952753,17.73918880815707,-1.7559856481538871
-46.165082620713456,19.033335277809655,-1.0893407701085933
-59.744687882323504,27.858025778112626,-1.2834756744432578
225.15499423726578,-38.568095625854674,1.8789256708157958
264.49557228278,-3.2294360609916524,1.3472377479344897
-84.9587191517247,43.316783724150284,-2.137624750650157
230.27165251508183,-43.25479664985872,2.2113794035139525
30.873971548668376,22.478994647407742,0.07342516039112838
-77.74501804488975,-36.798761033851804,1.751514243866149
61.55936778006212,24.463569433343903,-0.5332965607701096
-85.61925146346742,40.197008933049524,-2.5734151028691072
-79.28314325284488,-21.863058573169965,0.7252269986490032
-88.24305963904072,66.9420071226233,-2.151872676566612
50.41871313009822,-10.984138858820272,0.10127037947969986
-81.24820150189949,-2.9327603802671804,0.2041552587540073
-80.95977986577614,13.702897090209209,-0.8401964533381582
-79.53598291219905,1.2749478390151952,-0.4657693848039768
-81.21248585835116,-3.7956384434612986,0.458560267528895
-44.69074307131832,23.02597737831199,-1.8428968835345134
23.143909049886584,-23.361109789860073,0.059903396380917344
8.039289556581247,22.422216037096447,-0.45546834730741
62.329220187018,-9.196154300683348,0.27973313651828213
-79.55167082320729,-18.639177124913765,1.6941175168186826
190.0019004955804,8.975464764883757,-0.19963514260578585
-82.6317776820987,34.52997376207812,-1.5727431349834864
-91.50338786068635,114.93061601134985,-4.03723213815047
-86.14045285135532,46.068703901650466,-1.2614477082161475
-80.87886469338994,18.51476433471221,-0.3450993036839015
-80.43063889347629,-8.181610922618594,1.1521349365016889
-80.14216132004546,3.287232924277723,-0.9567256967388529
-80.97661711002512,5.2962285443790655,-0.90131103632366
-86.60104048076492,49.77910615111049,-2.966902181946556
-12.024075968215485,34.73073096159356,-0.741463369980579
-80.86411050035733,14.81510202065205,-1.5214746298946673
-78.07660359448136,-31.259186812667764,1.076051342468686
44.44830799016146,15.561321123765563,-0.4486622156571263
-78.62290149453287,6.3831535071409435,0.7372676976887408
-10.408548610919075,20.64752880895229,-0.5078301399309665
32.19488335779606,-13.151772817636667,1.639334950404935
-80.7583414594679,7.643185463763927,-1.2136413478088952
-84.8557765069987,35.406338531330725,-2.2376430045811198
95.57973817264283,5.0795577294037955,-0.13736676564416628
-33.98852712872597,33.65087214295575,0.015885493411075605
-79.37959884042415,-25.260756504131255,0.0830180466180267
-13.627523096684339,-21.890729603808456,-0.1219457514050476
149.87696853910182,-9.56205484704677,0.727990640057086
-81.70584867742035,23.336362802825867,-1.1700595797996027
-9.264003346152858,53.181443061925464,-2.321923613642386
-18.165578591959523,30.424505580999618,-0.7266663904318793
141.79166237961698,10.536387697578588,0.39041852241532904
-76.22727781497044,-50.31712125278698,1.8132709140624153
-77.73622084468991,-34.79903548400321,0.006760560095513367
-79.74477984036793,-14.298458335557454,-1.344982801086512
-43.57192871471104,36.07542169651122,-1.9061926788985641
-83.94161580233234,27.29904213830794,-0.3548436566540634
72.50923666107285,6.15262294367069,-0.16757009590100205
-82.18773710931033,9.347074497904906,-2.2813432382490095
62.27177566304709,-15.172154312201112,0.4821973241458961
-64.55990649086854,34.24094297556712,-0.9760491432437074
-45.38718440344,20.161553502630067,-1.124370784742283
60.57777738685005,-41.92597232779962,0.9907971794175553
415.8679277766996,5.478953723869096,1.3694587826958398
-44.664323874980774,28.296174313188374,-1.5144020441014971
-84.94586324595271,36.97318801059353,-1.1018270850143694
98.77527267354913,-27.011999418728976,1.4983879128930517
-77.78374294063858,-40.25344580780804,0.8287967686575713
-80.10624626804398,-13.240501464093962,0.20040010931880348
-84.98162652971544,37.00672674166992,-0.6467772108414214
-81.59714298418233,18.864314962659094,-0.8487494946842974
-31.048038956554016,19.387627855473323,-1.473904754703528
26.681986101986954,-36.732280842380696,2.0579746023084193
-79.11850820615098,5.004198073317194,-0.05116228676890831
19.4187728715227,16.674690725663915,-0.68101438922073
-79.43859851274908,-25.87661818345599,0.2654516213659091
-81.096183925504,-0.5814088221262924,-0.7695963443433034
16.87943635021102,40.58725047303802,0.5788650925154714
55.488182025648676,6.474817672802247,0.45468885351078353
14.640828170883271,8.06719581949895,-0.41288015863888516
64.90166949842077,6.474406929627605,-0.438287604337637
-81.96436682045831,0.8477136860182656,-0.6197637824116352
92.27503889594976,-42.67845298563268,1.118288851390347
-80.5911350053941,-8.099317215305156,1.2112168522666407
149.96973293511482,-31.96814444478319,1.2271092802081651
-82.08450831707785,27.031313498838504,-0.14502380058424602
-33.620928276257914,22.577310089408034,-1.4397828314877983
60.04505989914872,3.2376116410377067,-0.19082641151563712
-31.256802869783094,19.542018711400363,-1.0402023158343545
9.514461987969064,31.641570025271932,-1.3165334469950014
-79.51740936767746,-17.447119769151893,-0.1501757166479517
242.60236183172844,39.212475271660836,-0.5234653849501172
-79.88789852808033,-19.428628063089832,-0.4653256073366121
-79.83831476155221,4.601443437079233,0.027073179350235572
-17.837483964154202,15.283761195506717,-0.5286257446652337
-81.8467330616028,2.8513309595434078,0.3090766781710534
206.60061042563427,-9.85467952636287,0.5915313249282781
-81.25007304539862,13.429921104611179,-2.8765242611891
-84.35072708381948,52.732358418261235,-1.3897654762573601
38.25080958072292,19.756161250916428,-0.0010613143214328684
-77.8926602203481,-39.939417081722056,1.0817406125452416
-82.49419213560714,23.991388990641067,-1.6305071272460132
126.80566547556903,-0.8170076768275617,0.17422835412189164
-81.3930298785798,-1.5102001641183609,-0.6678071144220362
78.83258650077855,-30.433028060084578,1.920287017745677
407.22385433587,7.636974907315344,0.6856104628828099
-73.61111653630294,-77.45122552060009,3.0097862516799982
-74.24160349409999,-40.419833150223276,2.046475249258174
11.293375172350293,26.841596957778602,-1.0795378593579588
53.421351898221445,20.492691038633236,-0.7839037413474825
-29.845159266996742,30.419137649136122,-1.5699287823349772
39.4225308166622,-39.5710127435373,3.2603305971397103
-74.95014629980638,-39.05707738267687,0.45803784406336656
24.464634341715456,19.22160531146705,0.002284128178024788
204.3067168733541,25.74205330960293,-0.3643809635933691
-81.21075185244737,15.495115268714867,-0.9697658272558441
-79.19811023542987,-20.966140899227128,-0.09439674488113571
73.88654352963108,21.755995385742896,-0.2359142981763639
-76.3285131166042,-31.633312314675816,0.5054094746786267
-80.63915501484401,-7.710602029485294,0.07713516585279477
-81.5995361453182,2.8883144950497117,-0.25209763736920027
-2.97076848489063,6.772534787977044,-0.8250049719862301
-82.1691049004178,7.420878457241113,-0.6283998476173817
51.359159803298844,-7.589841304205012,0.708951516159289
-83.5375076341417,36.692617787384606,-0.3689906270480514
-34.31706166545131,41.21444478688948,-0.548879465745002
-29.016964026872724,43.38067596448855,-1.5442500623495672
56.88051303566275,-51.42353643662006,2.1426267241332737
-83.91194953653262,23.656123194309757,-0.8132350093914682
53.3780753795539,-8.006813860439046,1.3300824609842004
-78.06143403352645,-34.05832142408492,1.4221027163578377
-79.3152171837001,-20.309031517574173,1.0671897011274634
-83.7607393841278,23.205593485510807,-1.5829768155166877
11.780044317637575,4.9598830828650655,-0.1465596533232415
-68.19773656702282,113.4165067018771,-4.056649083200768
-85.38157922336744,40.20895744301796,-1.560982492571041
-78.5382134725728,-29.725152181102562,0.2189407619469028
-71.64264221969772,-79.37910695258292,2.8635757761735534
419.0106440306937,-21.85056734934653,1.9945373819058552
-19.23883309687045,-11.790014091734829,0.217385262339403
33.97656072640189,15.302293325875736,-0.18042505781494206
82.49449617864597,-9.574879668503234,0.22880820135228389
-81.66603429692947,4.064853523121023,-1.1543020642953052
15.72953990313211,-0.588622460851522,0.6179448780346437
-76.85885088768147,-45.728570070983224,1.2858520466252132
-79.98387462703951,-14.709649031946286,3.2159532869311183
-83.1664051440649,28.35158659242321,-0.9425650952770357
134.53241423296058,-24.463094088145557,1.2036140263569088
-82.28938987822403,10.43115804307868,-1.3285990872156397
-33.600761505435464,12.953107913472378,-0.8908450302755185
19.313292609728283,16.342218728074037,0.12220220525554247
239.45624107577058,-1.5034283673275213,0.31867593627006585
-80.08447996646326,0.16462476753332586,-0.5635875914073579
-78.47893076185855,-26.780987543441725,0.37722438692037136
-80.61472662018124,5.592053896017729,-0.7184692529839294
-38.092185230540395,18.970361686350003,-1.6806794364398645
108.43207224026493,24.71097350333308,0.11129582160204257
-79.81099218176928,3.3182931938002627,-0.7251156300772966
206.7768027032467,-58.24584883513719,2.890477700198649
-75.90471834650711,-56.577861102929454,1.2513472037390774
5.092689156490029,27.706231449343473,-1.0820778197854668
-72.065299569355,-71.61914073951911,2.1412664527443654
-83.23662318647516,34.01021882847905,-1.5659871869834108
-74.2153017830242,-32.375705487656774,0.7408775707732728
-72.58489406307851,-71.03679067386605,1.908364082434781
52.17860658159704,-12.04135102951901,0.6633688598962313
94.58923690978708,15.88229594394182,0.06053241386093512
194.12901255806983,-11.489600888922382,2.2549847392770066
48.90750551959603,19.36211940740672,-0.0034753096531973024
40.85446338059709,0.7358443378273064,0.1579911750684226
-82.6323769187291,27.023696349942202,-0.5362812142060509
-81.36616072482927,-1.0377416795197794,0.25437029143485373
401.40096545417316,-13.40413810533325,1.342143726211591
-76.65022310274207,-52.31069722712628,1.2485839910433583
-81.90996968035459,2.6300807717831542,0.4891815219717865
111.96645237166342,-11.890339622245733,1.163912203744585
-26.151519798621898,19.655599292331647,-1.2451168846725016
-50.16745933799118,29.059146377620618,-1.4582145075740371
-82.2470341095088,10.551937320385019,-0.9663889510442554
-74.33568280037359,-43.00675595544199,1.6146006309995826
668.2795422119947,-10.110064962220353,3.0290823520770047
-25.959171076590906,1.0720416726989244,-0.12244216681619662
-77.95312723176039,-30.647931280006752,1.1624940442959015
290.8078392044513,11.621612965213263,1.0661179108777632
-46.20236552597097,37.342176242850776,-1.932798215690177
-80.35021898227308,-9.207577984943734,0.18594875549495254
-38.704900781027206,44.4495234696692,-1.6800130234074915
-75.36184668703339,-57.397039773417234,2.006146832775433
117.55954844588017,-52.64918320971438,2.1925277461481247
-72.62335075249617,-65.67938383562186,1.8075368679076238
-74.788167273305,-51.432677518879096,1.7090013794924503
-82.19934483901422,8.30745786082942,-1.660163106400281
-82.03537753489996,24.349146234901816,-1.4541102824031815
5.9861370621665175,31.896213930050596,-0.8852127577896561
-79.01744721183651,-22.30305244768046,0.05391008343409264
95.06233543427155,13.95503138105973,0.5457223583239742
116.96483416987992,-13.398126700416325,0.57542198997401
-73.25198691100773,-73.71154919607625,2.6450912117806022
-80.4584406362529,-10.846881079309215,0.5718373621285526
601.8019505859073,12.239908783793416,1.1955692765550883
321.09073173198925,27.680758639951428,0.389132088109764
-80.02342841167162,1.1710607906894077,-1.1064066974193272
-82.28239210834657,6.86140990848004,0.3100917841315754
-79.49501087039519,-17.629062734008162,-0.5032610288356603
-27.942108019528746,27.458930613532843,-1.825281767109682
-81.89375089341685,28.257367817351376,-1.2426759859819847
173.09373042494212,43.69234753815147,0.07320927430314846
-79.1533632017117,3.390033717422791,-0.3514595678128524
-79.31986055237472,5.558756900629112,-0.22420989510715217
-79.8661923104455,0.7452016008604102,-0.8329905498655605
299.5899323129192,-38.073301687861814,1.2804445650348866
73.55824125930653,-29.774830555002275,2.3486773601785162
56.341242481284226,-63.60620407842515,1.6061957420523503
-79.64683209317586,-17.492183926239377,1.2481878105716937
-81.037422014198,19.446725957734206,-0.6299103912834247
-77.44523241126433,-34.107549785229246,0.6339274379279239
-80.4124768428122,-10.028284977362667,0.05454188142810894
-15.235934191470973,20.680188071960355,-0.04059355221324593
-79.8387115500051,-14.523341027320996,1.357509481678638
-77.18363983629972,-11.532322857784658,0.9488492022111684
-82.66621104788399,14.184403683062513,-1.46450498766912
-79.19462407482798,-22.352895426816236,0.8006092701231282
-79.7618899453821,8.899412734988106,1.2626106360972758
-24.36260547167486,14.032675975751634,-1.2051034991738783
-80.39468380681018,-11.582082322837158,-0.7011727553095132
-37.44047776998259,47.38113597338506,-1.7655219209880413
-81.99448857942616,2.6739510437773335,0.7082409444612829
-22.607707818580167,20.6471300522912,-0.15284266721491155
-80.7109979554081,9.203136272152909,-0.441221534413413
34.35169203879622,22.437111118942383,-1.178094083511258
-81.27930905626637,-5.754570420036656,-0.040116132281719695
194.76959558456522,33.621368576355515,-0.879926154898709
-77.91830412321,-32.72984651520657,0.5597625038407014
43.28868706187687,-5.563503106939164,0.8696381110581347
75.82001818525717,-8.27207038651015,0.28485150408355214
-76.3806960195434,-52.05284868839075,1.1123657733190642
-81.71656902327192,-0.10222569563364826,-0.8058786752317891
56.554888096713704,-12.120069496583179,0.5781397789429107
467.0858712756653,9.658919244683274,1.0169108652049768
140.65471984221023,13.798848551920834,0.39627513794125013
-33.579429819883586,24.48071281271979,-1.3458397073568482
-4.560297288943436,12.785885429027159,-0.14566402214796195
-42.78244265480548,37.317187133750515,-1.5560282706692332
-6.556089581580562,15.541062863666076,-0.27786781785815345
103.50540153973948,2.277408428009067,1.0121597246792866
115.41341014890637,9.268949949583853,0.5701834211485431
-77.12910292930397,-48.90940024859349,0.5996464292208968
43.453203652635,-23.330164140786977,1.361379404634924
281.76404004932954,3.814062275813919,-0.10570181077022711
135.54502343385943,7.649071157926452,-0.6429074537495097
101.85177790016652,26.93527814284393,0.6025905393580839
-81.53491083463044,-3.6734600616104562,0.20665982328265148
-77.0760932806008,-43.23030442069299,1.8952900392066458
57.68632055316781,-13.727417992472038,0.37609991771067414
-40.33708708409148,38.000742556027085,-1.1288130001018912
-80.29987143560169,-7.3825334899858,0.716540859145777
-77.70549839610582,-38.00565590868048,-0.11242791694878161
26.1773364294448,3.502915415884119,-0.037529718821385914
55.743032462739464,-35.51485426091453,1.305101022619889
68.841513095764,-7.284647326380846,-0.7764718834963567
100.11081235622586,3.953166445271276,0.18734279457819739
125.10562882847191,9.86997476771645,0.11121057039703804
-82.83794980318471,32.331018880799036,-1.159593232010173
67.44018533537064,23.074508070562565,-0.414681422437794
19.23912919101403,-31.353982666040203,0.25313402244650884
3.4411364281691887,11.560047269129088,-0.24649399803052954
-79.58816385212299,1.448770551260255,0.7245743137565367
13.36281726464764,11.190526262275261,-0.4767036080125097
-18.400922849042466,18.7629716809486,-1.7107633940190876
-74.44601928394906,-68.15756909079117,1.3429373263370727
60.386831718712365,13.403445207173654,-0.15186383941275336
-73.41910747928914,-84.33573172547113,1.696759863668188
150.23126369467607,7.747182032642318,-0.061371405902506435
-79.44053769204885,2.1421011758098363,-0.6056964807640685
-79.0306995024039,-10.812060077753127,-0.6118369035007677
-46.43944938834487,-38.623573279431234,1.5042752823704824
-79.2292325329538,2.5066872152574757,-0.541945948403583
91.1481124101847,-25.47963681683947,-0.12620636003069652
76.45897611491739,7.896227988147067,0.059026235285641236
-74.78212470015967,-66.16914655637635,2.237521292671402
39.51616841026779,21.513779442074995,-0.42323495414203943
-12.596631341110559,14.353221538205096,-0.4802859041117544
-79.75755117434164,-6.702367202095948,0.6352388702962377
-31.33472863250488,32.79943277568311,-1.211200494927753
-75.69195704809715,-57.94978160896533,2.761657156141413
-81.95159416398427,2.896858744192297,-0.3039449841980749
-24.55040010730091,26.27785572338775,-1.6179779874453328
180.03967408973958,-25.624775921935647,1.3586341993659188
-81.99551235680978,3.3473076384671967,0.866232075170183
-81.014917014083,-5.4840149800034395,-0.07852623776086401
94.59743202616662,-22.281264672808874,1.576196250835785
-74.5955050029016,-67.9019704963326,2.2056261589736597
25.434497298320295,-5.104560970252205,-0.5589244496499262
-9.267827641308255,23.827472047634444,-1.2118071070302374
-90.16776390785965,112.61724533868559,-3.631435516830613
-80.08108392883125,-12.331090701292814,0.04836901976603333
-83.00939091325218,12.374525481469153,0.294570608094795
29.775731865959223,-6.690237007371571,0.8133173408965358
4.483997861799723,-12.314918788928654,0.2525748687100801
-82.16924111836596,7.679533004356929,-0.2519147562562008
-8.224152514385455,23.16974266627868,-1.4222554345990057
-90.09240141262526,108.1249090354023,-2.6919373241344604
-82.99065618858594,17.917734071558797,-0.42189985754103654
-78.68243862511268,-26.02283276113972,0.107912509956901
-84.45730172080002,47.3987219448434,-1.617603889301498
-40.22919658959941,28.652909513426984,-1.3281622690921828
-83.18074734951179,21.266217649398328,-0.3977743452927833
-75.96836304134031,-56.5512535478389,1.5026260134737692
87.91943597990027,8.83478103795208,0.33402576045426774
-78.94008487331105,-7.164042928364362,2.556058672520309
-27.60071089482385,27.56194217871984,0.17368802831897592
176.51576277588862,-56.6442422610356,2.050138462884914
250.84961800699716,-40.959216145174494,1.7836479523550692
-76.99299585420718,-49.034912928024994,1.1969009832713144
-79.38847451459513,0.462996740390223,-0.008053499184689871
-77.92816541403208,-39.45061148039377,1.4772534091149172
214.6870524596491,-5.327591210949058,0.5731931919078196
1.2846583842207224,24.49819025046365,-0.218593643800221
-80.19796110932178,-11.417311895407272,-0.07905791863350044
-81.59539320606005,14.629793827478297,-1.7378076033144396
-17.63154940489705,36.626006230620696,-1.8442098833301246
61.927697073909876,-11.930220725402243,-0.30469399380863543
389.6411912006267,-13.5760688617828,2.298003542562668
8.525376302547842,7.8563919407158975,-1.6231952057413614
-17.201573528895185,36.996594113043344,-1.1572407118899573
13.625551121615391,20.55925961892449,-0.5706924760503005
78.9409909670683,10.63078542157358,0.4122766013393006
246.94861950128336,0.10416424418341064,1.7266497295231644
1.7559503750843355,22.487482059990292,-1.7835824323757674
-7.109153831531524,36.13861375314982,-0.864435505569687
-76.73640830717095,-44.301202384821494,1.7631502987143581
-8.693559389037247,22.369635034017566,-0.34441637715745727
1.4700423392285045,15.268893374835246,-0.6160239238520677
-80.85357541622959,10.369441557912545,-1.728017579255878
99.38208972692573,23.891157751773637,-0.8095683508319484
-24.007500842954705,30.472018501776194,-0.990179027072444
30.546070825798935,0.5209560942521086,-0.9194271910999476
-30.577727079831845,2.544815178826142,-1.013074979611051
-79.13968277210856,-3.28483930427485,0.16176549617240574
-79.25971399944747,2.1388715024640534,0.3760815834160111
206.4958021070317,-8.056578845840411,0.7128186066805556
-0.7044436481805638,21.498690569774,-0.3967907230378553
113.79512757079864,31.076314081484874,-0.801166738918672
-75.76277084720581,-53.36497367486845,1.9679977612518647
333.3335652207004,24.41039727139705,-0.9230347045771191
6.04778708415037,4.469454308545065,-0.7185031311533521
-76.70440421026885,-45.80825992982568,1.2227852898235072
194.4582223418479,15.70936866297749,0.3509555853252647
33.00939622704833,29.726493998656984,-0.6858854289191352
-77.04870710352283,-14.254375269895181,-0.15598752834383492
-84.40896812313136,30.633255043547738,-1.8989259019973599
-71.4751562063975,-76.1364600734798,1.8521723001915547
-83.10479082324188,17.470503312198055,-0.8137559681199565
-79.24387083365673,-25.979527131413192,0.3484656163397482
11.137942030590494,-15.253168495561193,0.44322177573147487
-83.65083966781427,38.21541065692346,-0.9569631647550544
-75.98961918574942,-54.96741478227411,1.4064856635135787
85.3475169596944,10.255560947373509,0.6018973342934978
-81.11660407085078,-5.06605424313425,-0.2226777883274264
-82.66204709698367,13.326950485060053,-1.570016437085656
-73.08859718375496,-84.0402612645363,2.6266340281655705
502.642091497751,-0.33375048075235136,1.4532167755091079
-79.57341346510093,9.432975501857133,-0.15419520519095797
95.35823631591322,18.99372058210213,-0.5258131731156502
231.358143127619,-0.5284831689276481,0.8829135500479954
-16.371995000549937,-21.827497288498282,-0.3468782170923036
89.09309266588711,-4.5692392637614425,0.18875356791563994
397.67188031594395,-13.327302992342869,0.7988323001977052
-81.59750723170865,17.727704458637945,-0.8395641088723506
-76.00824181947966,-32.01724402075975,1.0676487846757226
-84.38693371420642,29.845854756856244,-2.0318631932675904
36.124780338551695,-2.318431212881423,-0.399288291091117
91.15920642720016,9.334260560300985,0.16159653799620338
-6.612344729396282,27.836701750576587,-1.3341033751876696
-1.9982490010456075,21.795578692645368,-0.4075666553129892
-79.78889453162867,0.8023896268164109,-0.46369662771987524
133.22244904077306,-18.54054922996968,1.7298869731996624
203.35706605156614,-42.809679111302685,1.6097155330773611
-84.6513769279139,29.959572782488,-2.4756981777742544
105.90028171613646,-48.38292190395977,1.420985261493191
68.23281346533524,-8.905311978834414,0.02642615773998147
97.46911258590973,31.640427292612078,-1.0443726074906983
-83.84827264045796,24.290881975715738,-0.9360488220289453
1.810659678528864,29.97003235741358,-0.9857108590632814
-24.145736810444546,38.37174555482052,-1.6307052931691512
-78.70255083524917,-26.24148481792597,-0.3372480430916655
-83.1597376909703,21.94541301137826,-1.004477896734763
-79.47446092402063,-18.28658439727152,1.3659246907181917
-76.33646380425714,-29.186210710126584,1.4527622729475203
-77.86216887606658,-34.149145505345416,0.5870745668998514
-82.05290301502352,17.66041628054056,-2.056581738319275
-81.48130631296294,2.126928526748931,0.11235134164427422
-71.74305180595219,-79.56642487708743,1.3821766609692643
-33.154288790509774,36.212495870862746,-1.2414859050405342
39.90259888542777,9.924098402124164,-0.2646803071253856
-81.77248828063982,3.6791958192046548,0.31498289564307264
-80.28458448337577,-2.691934131787813,-0.19416361138736926
-56.419695936837535,-62.541334562679225,4.087250798817139
-12.316995153443472,19.59514869075523,-1.2013689879135028
11.341996688423844,27.089295786828515,-1.0779503607145742
-16.354620719385917,18.194262924646516,-0.749658286494529
-16.834006218015986,-0.38905836123440224,-0.7270906704526977
10.642428723486763,41.54736140826201,-2.0923102169057772
-79.20424839719512,-19.98519600141902,-0.03982378788595532
127.20610531883835,43.07521678244107,-0.9370669067783826
-82.10275277355335,-1.9000213390912546,0.5181347799269614
23.311602823089782,26.33822666984674,-0.3342621243505804
-73.51207640098615,-59.56950171808944,2.5406443515483894
-79.53167477591509,-24.02754482459547,0.4938859550408799
-11.710844656767987,35.03428652311811,-1.1000593488781039
160.680160917624,-14.893930771432016,1.9467124639017037
-17.811238931533204,-21.1131141424133,1.0054750978347577
-23.80722593967126,-3.3684486765436064,0.12548536306548036
-85.6033390098025,42.33506658517274,-2.2261389625244843
-33.95965396990045,42.61922869025582,-0.42101916942419415
-81.8264742573597,23.36803096076146,-1.1653103653633559
-80.73584437913992,-6.979932044804887,0.05850193204746368
24.57045658767498,3.070852505028135,-0.9387848540292905
-49.01101091466414,45.1243091742407,-1.939566220783035
18.68612063555526,27.777541043929755,-0.6794569903392933
-81.75050669953636,1.2696046129955605,0.894307832776098
64.62592524011313,-26.403841560724768,1.8096187843085605
-75.44478160098701,-30.35645959797558,0.8887579047431062
-76.53440467131216,-20.719304262594193,-0.12185285274884027
-78.94920046049837,-3.551483746153837,-0.175031777499563
-78.77928869583042,-28.712289809413534,0.43105338756926426
-81.26486996674973,0.12533462731700715,-0.5952968362345664
-77.19195205649045,-28.251643022680327,-0.15153991375134956
110.5843226230732,26.400648637869452,-0.5793097249723441
29.1010121241947,9.00516423555278,-0.5158592808857748
-3.241704505747787,-5.716770195936031,-0.014966616536321172
-77.41823458144141,-24.12726851374422,0.28677426076956064
250.75385306940981,-12.559365106419305,0.8618663404379934
-77.67176561350065,-10.795738387331593,-0.46919008447965793
-34.22845972342147,34.571392519016094,-1.2367561761449917
42.25478019029357,40.153137519637404,-1.4313961783786155
-79.06489635490726,-22.540659421460376,1.8916741210347017
171.87899738814107,4.6891034588376295,0.3466598422269349
400.514769811726,23.830869556532644,0.40459463347802593
189.98393419536836,-37.79683891667825,2.4391781526299345
-81.63083995044074,14.151056454461314,-1.1118252059144726
-73.38282807793631,-85.9086680387536,2.3990099903139646
-16.91943377282562,37.6612197383216,-0.8503085060352918
-81.46462246781695,19.782846375093712,-1.108719412596209
-80.33634768248434,14.894860009178037,-0.6601070417389132
42.08644617668317,-1.7788323146479603,0.484220777356612
-86.01615411149601,43.92313821221213,-2.6627973169543075
-76.20362952184846,-57.67314970762973,1.3719023759912246
-81.65569647824522,2.718965537296928,-0.6438638764449662
-7.9586152638283885,38.98096005199178,-1.4436384965960698
72.59067545602754,-68.07952907318162,1.8781789803487827
116.37160303289171,-22.234833899018263,1.1112202131916997
-8.92477076162202,1.9763745144203015,-1.1571867196985868
-82.02213066614786,29.079913520316556,-0.9177458241753667
-89.78280554023087,109.85888736817866,-2.2814169180105024
-3.251117331071711,25.833594076592785,-0.02132692414285484
-80.36792807275938,15.280275557136038,-0.5227928674304547
-84.79016241198934,33.182117406641275,-0.7510467512970531
16.644221177995785,-59.517772828592015,1.1946622498982595
90.47485060816395,3.0570434141221416,-0.20037363131032082
-7.514485783927066,40.19546391404683,-0.8703284352361472
-80.65786477431978,-13.209015579061926,0.2257207012055906
-82.270313591199,26.647457634584697,-0.29123412986433084
130.6579255173525,-2.210397393090507,-0.8276772627488111
-83.64728521053034,17.260278192483995,-0.61698714029505
-83.55775227021073,23.17044921108202,-1.2351527734296432
3.624736624251902,25.54247875639505,-1.2254808032642117
29.020382782077743,-38.052071154604484,0.801764301807337
87.98901385660244,-20.082717205401785,1.2075928615540887
-79.81521926341637,-17.952278923877447,0.7166090188024228
-85.07020746070924,34.86701571481413,-0.2586656997887124
244.53772497432809,8.450997011952273,-0.3677133428777308
-18.232245137882725,52.18074354407318,-2.3025017596334942
51.13534984430119,1.8837658290855774,-0.26947862311293574
-82.71087672751648,10.239365200959417,-1.4058062378975758
-79.613755065332,-19.587644653335786,1.165946301845056
-80.245636548632,-9.821718406749659,-0.14875608892597555
-82.96312430667284,28.76055131909375,-1.6136458290486315
-0.47126373046785663,26.502582675053937,-1.955453160952284
24.24525603711025,7.710340023101406,-0.9870387154737703
107.69108099596265,16.789792861155444,-0.7068100046620589
-81.61903742157081,2.211021320557808,-0.8798938645928542
25.84072045129989,4.27010308538919,-0.17208272970023986
-81.5182692622289,4.547674263448537,0.07870699730620115
-16.09745498444987,35.00692321768775,-0.33141236613527514
-84.56067701872962,30.499305678703337,0.04168456260379333
-27.507417695574716,44.12766623280923,-0.7946272743091768
-80.47451428581192,-8.340116442349693,0.9183930844779277
-81.78724645503179,2.159538884360153,-1.1372027130402063
-87.15024965613156,50.51001600695139,-1.9785799963492905
131.181139906422,7.111144280677581,-0.04692295596067106
77.64120466575991,-2.380609690596628,0.4384494961691405
133.54738099484257,31.728935084231345,0.36728560883944
110.48380656624126,4.242120929282429,-0.0040946823888357384
-81.37194187518047,17.42616277619174,0.33326260379096706
-26.624219370390428,31.593793084646677,-1.0371144200303712
-6.31249676168054,31.506970529021945,-1.3621632387564364
151.79659804447212,-52.423347045836266,1.9790479232228348
133.38391419627703,-56.17769605972947,3.0330602034701326
86.63919419658764,-0.8047387556273047,0.023308912172564183
-6.965512611073494,-45.971300094683905,0.9466685076137309
-71.35691255758115,-79.32839171229288,1.464570333803148
-79.27571608576673,-0.49157332313929375,-0.9410230032724727
22.998344194654106,40.231453855731935,-1.1022236795906144
-81.04774644509313,-9.161279242010657,-0.14601082798412163
-38.66131961136791,31.399764123479464,-1.3294972433560974
31.510011666752565,40.635727471813375,-1.0026104790464745
135.23358123704836,10.07549189617445,-0.28773486605974796
-80.28721533402035,16.910619168174005,-0.6824124230826148
-81.60764030315667,-2.49347127077002,-0.04098007291347326
-79.68208843627981,9.072264585592558,1.0100445221892953
-83.97693329390756,25.143430605582633,-0.5064835633785043
-80.03816160702726,-16.752394491376137,0.4126588340007674
201.20783780475276,-55.09769618780007,2.1206389491275934
-5.178040979407888,34.719970745295136,-0.9776676780619623
-28.074437028461723,20.412331510949187,-0.5770529236968509
-83.21036160728985,19.72091387322551,-1.195568492919526
4.932404312015157,29.6102785297897,-1.0275065866706978
-62.7517854389941,17.04491485365793,-0.6187079526492572
43.58821309947618,32.29772382206819,-0.6386498386046371
49.65764585526259,-28.232490565143117,0.758369811433878
85.18969107212257,8.960658791329736,-0.4325398848982753
-84.69046155533981,32.02434593478442,-1.231230804298836
-79.25836118570645,-19.20950850868177,-1.012259450867009
-36.05680756378567,10.125253868224283,-0.5043634445461774
37.404411913921486,28.640312601170667,-0.8844942706510719
251.5018463788394,1.9230120092864078,-0.003969757536671061
-15.581071071249783,6.4010727115238,-0.03435916380706456
48.03440333908584,20.89793941993757,-0.15308616652951834
-80.40494119872004,-6.226337305493918,0.3447292647031247
-79.42354195208897,-20.64305349817987,0.5466619636555052
-67.08495176927889,-81.24517231939053,2.568356307961169
-74.22875919592707,-36.98359516577498,0.7092502279160043
-80.2472064711197,6.833608786246135,-0.6268704042439078
-79.50721147212356,-13.078176758206034,0.6061206459264628
-82.3760275935759,8.959352977270262,0.12446212805796869
517.1206284375522,42.85864407060287,0.144632346341982
-82.85565200117873,22.962168669702365,-1.5657810984850131
-78.38076940153394,-31.10787014205397,1.1088730689643802
-82.39486210855678,10.005662959228808,-0.8610836845357626
81.68362573150605,-51.05925057829961,1.9309341546286287
-86.40974577859149,49.38478357990605,-1.7108811836885958
-78.64396557082141,-1.4253059800776475,1.6641846547202896
60.989345362171235,15.77587585418271,-0.39902791253319786
-79.23883820057223,-22.684286933854587,0.38277912316896723
30.952156542420955,45.01662367217526,-0.554653666508624
150.92020945861046,12.939826390625464,0.40331456950790345
110.89791003257612,-55.83171630753272,1.2289375106891063
-85.50942098375666,40.352777764081914,-1.0680738137744235
-58.37015302433353,34.11176186286793,-0.9452078516591906
-75.26623259803038,-60.91961441904713,1.2277205853084734
38.01239851408893,21.13256087171222,-0.9591845663090518
-80.33013615836454,3.8044130813928683,-1.2053000783829602
-84.14655789441986,26.345549203697782,-0.4362173754731831
-77.96933202499551,-9.654217082971806,-0.7001248991333373
49.351124210665574,-27.829395881646473,1.5444055206324796
-75.59556254321942,-59.53356295447507,2.1179655839661318
-78.29326991845495,-7.013540677299036,0.09914588753262839
219.21638924789804,-37.017708063996075,1.9768047939416098
-41.34145881772571,27.493038944033305,-1.7820615612907507
195.4113114872506,-12.299843620577535,0.5601905155510332
99.88650322137411,21.738312959370646,-1.3769145499179654
76.00924320041656,25.41678369176564,-0.6818375518200499
118.52295604008279,-39.572924010401344,1.5479418097913307
245.81110442843925,-25.72250798987641,1.8501339744419194
-80.14682830110296,7.729445774793797,-0.05485791681813279
65.82544734566586,-13.637630270847836,1.5375477706938037
-81.97068063960961,6.515434717373203,-1.0870237130555505
-80.4846751362122,-8.209331650021829,-0.5863245117278921
-70.22550548057623,47.90113577417683,-2.461611356668801
-79.8246365308316,-2.8216182450245926,0.6898933563183259
-81.74863434953092,4.272659441009951,0.06582374786330905
80.46602150510564,15.556485537439574,-0.4710785093817933
-82.08369614323426,20.672386971900185,-0.6710831408810238
-73.94453710177334,-74.76333650891397,3.0009311295736962
32.94709218087765,30.98752275686418,-0.655992823380758
-81.81036393561955,6.335122392598487,-0.8446096226605689
-26.63696662150355,26.767486218641015,-0.7600135637786796
-80.16459155009177,-10.4282918935708,-0.9521298424768782
-79.21099633610082,-19.014700142940267,-0.2791633545900382
-79.63502921026054,-18.990096585167663,0.3134273605159075
-81.91650069852477,21.318351519316344,-1.4047944243032366
-81.32727339635848,-1.2743293615840485,0.12194815242508464
9.68354495770165,20.463440893940597,-1.076047528682479
-81.65278123877948,3.921717813905309,-0.8507746997630758
103.15988883429583,2.6744097847424184,-0.9448298245333103
-83.52800495737455,20.821589034198084,-0.6745046030833126
-82.14993668333167,6.437651134400038,0.428238088896847
-82.17101743569835,5.046331737953923,-0.5787282951606353
-16.343330455642583,25.211703284352136,-0.9898765467480796
9.7166972162816,23.65901294900447,0.36766964765355886
-36.20100541217251,17.31314845678418,-1.8946408782206867
23.228243286102447,19.240134469136525,-1.1609880683563358
-79.72319614946053,-14.590860569649342,0.16352869713696677
-77.8678916036685,-37.94604273664152,0.6947084216118593
-84.67960596751497,31.601275817713226,-0.20854028208511147
70.53693386565664,25.46618746697185,-0.8122589482971351
362.3269864660567,-0.726828899313246,0.6446087118623752
68.0179948451117,-39.14648007986175,0.33151178201058973
85.09953414244427,-44.000326859169114,1.5608884705396133
52.35308716552088,-12.428346684488469,0.6293289158076816
-80.51837750518857,9.293169428448127,-1.2577069153690694
17.1123828679238,35.196291377452525,-1.6187992440114294
25.695552448307552,8.554581728667022,-0.2645894089155818
-1.2671805838910737,-1.2706329073181304,0.057654636457763725
-80.87482768100571,-4.565664561140737,-0.38493371169218477
53.90780751247466,21.54559662770036,-0.9411269420636877
460.6104201952538,14.073009229315101,0.7056924203211513
8.785193049734966,24.816193380205128,-1.552545473259879
121.20410722438882,10.938725516631365,0.486331933155245
-79.28626827407335,-22.891150207775794,0.9414561754057376
-12.833361173227559,38.39591718690405,-0.6954237771819093
-76.3839091023627,-53.663550843622495,1.3742560326146405
-69.9352046258268,-82.03776193300186,2.9919908677545464
156.84456195559167,-36.00408382505812,1.384732202487048
53.98322199405199,-20.09973793531994,1.5434238070173754
-78.85568347169928,-0.5361969257878259,0.2502337039958584
52.71045588969356,14.684426586611062,-0.7606033991119324
-76.96289661730432,-38.14296619798371,0.9027755167608934
-79.91008944960316,1.4399341526007094,-0.041097528954794425
107.76946222017901,33.472347406880075,-0.16973681132027038
23.949754329442968,-32.702037616852365,1.140677333774759
92.18314816406745,-36.39402018017289,1.727676797582682
-82.25308505820904,16.79106539340831,-1.1727672803673965
-35.03002221783922,41.18441329386225,-0.9640586477989563
161.07533379771544,9.970602571255466,1.1948714453474032
-83.29567708315223,13.358706604801752,0.2077844544622709
-73.24644058500846,-80.59572062131949,2.0545056397176555
-76.97361151135516,-47.81510976849432,0.9424079044664687
-83.28902018878325,20.759071209160922,-1.004681787270201
-80.6753712350613,-5.428251937945391,0.06854521114530769
181.51627812340323,40.081079663059384,-1.2443401811493857
-40.73007774826869,64.07335274575877,-2.449888773796226
-73.89844783629704,-47.32292219804149,1.6556920464245528
23.758174601735572,30.422985449004916,-0.4574404601059221
-79.89429106626268,-13.420072657385614,0.04776091077960654
-79.39041190002712,-28.790772061142032,-0.9610803877443672
125.59160604876753,4.728726629021246,-0.05128418069851373
-79.77189518994196,-14.854751066422612,-0.5052478784296512
-81.0406120354908,9.4121480771343,-0.8431620431121747
101.72154250096767,-7.601005345558161,-0.24192898675353738
103.68265077468703,-15.72476172164994,1.0671639392351584
-81.79565104876156,3.3693658009611367,-0.22897653154099692
-76.0581836636252,-53.38412215793976,2.041270837434147
15.957040256436203,3.0152318922330203,0.4003667088232517
47.44348543073387,-3.5442432005739244,0.996876264378348
-83.75186466654156,24.18474349268511,-1.6586045328400516
399.99086082334196,13.221694810624873,0.10637666339237517
49.56008539699538,-42.8432239060157,0.8386285074423346
-83.80135621124792,24.34470515789095,-0.8693719942244313
75.05787316457302,-1.4397134313875661,0.08326714178486883
-80.5652083184248,-5.628711788699676,0.9367016287043157
120.06852000527022,10.56819926172795,-0.1541641786512088
-78.1913230274307,-14.250796886199085,0.2771854523313868
-73.84273089069686,-58.24578272326077,1.5713551792650675
-80.74960927901206,-8.164266112851829,1.2042053870817155
19.045514497761218,12.534149832544953,-0.8987080399415464
-82.01129136652831,31.87492203366828,-0.7297586186403318
-82.63537251559028,8.615828081261066,-0.9072452958848738
253.77328803197062,23.02324642576136,-0.16006744151272573
-76.17930292659997,-53.711886835255456,1.575668372839635
77.65843689131266,37.29114737941839,-0.5536566027888787
308.1969102791095,-5.364705508897741,0.4411976813976355
-56.42604123293558,-12.182346116466302,0.11801964910431882
-77.5321765844014,-14.76725716342541,1.5405502284029413
210.78906820641998,10.854534299962973,-0.6277268262800784
-82.29577077159479,9.245885544243512,-0.9908317593097256
316.983211147184,-31.561241320470298,2.3969129811680707
110.87250749877431,-40.648638519141,1.5753598088274186
-82.20594991625906,15.126552320081982,-0.297204055986618
97.75111800509355,25.789099814408925,-0.5179641800514976
-81.10194646374224,12.249970300058198,-0.16055129914284325
-82.81854521838291,26.820581529742782,-1.3805088735298714
119.72247212072648,20.906033821276118,-0.4084201878561382
50.057552483458906,-23.248133629185066,0.329928896397306
25.55874127946632,2.733443311988928,0.19515582495867853
-81.08959070189917,-4.274208452773728,-0.6970644556743325
-78.70765681631131,-0.05817776165398853,0.10509389508085852
99.78152879772202,14.494241810978636,-0.40448769360330145
-76.65800326610007,-27.251849125989498,-0.04295437157686844
-74.9849149908758,-61.977993136012174,0.35614847870078886
-83.58184720487263,23.48612179238159,-1.1905581748733045
0.33805314180313245,-9.966141572545212,-0.23347934462988149
-80.33184493796416,-8.616812211886222,-0.25659014847228123
46.63424794272971,-48.804919788812185,1.7991345688900355
83.34034802272895,26.534645141782743,-0.8471618283433825
-82.14571205229304,3.557337051709094,-0.8430947740656274
-81.1665520169096,20.15040362537762,-0.49673619845219114
41.07462187940495,-1.1644866662728073,-0.8258213176435976
-84.56005337118752,45.199539575785984,-0.8906508159136433
77.25697950106208,31.50388145341139,-0.6165271122124942
-82.18717420488463,7.4196312477773665,-0.339928399633997
70.88250485516606,4.203848467704272,1.4942470071142802
11.828743146743895,24.33502016384909,-0.5411803435192738
34.45163249946449,18.223039709765207,-1.016454466338074
-78.27037825921379,-32.645176499245295,1.1451835230558878
64.31235259466709,-28.66487224195967,2.5466253197027333
23.890246049592037,19.426462647393276,0.07429690966099661
-74.78195612482638,-35.15355246126614,1.1467643729714037
-25.011522799379524,36.68369344345302,-0.09470920230368361
125.99522665427052,-53.511060662188406,1.853406744569796
-76.76324906482593,-49.73056591899764,0.976907704897601
-78.97653538457591,-21.943306274699356,0.758316058985599
-4.361785025561043,-0.37515719812613263,-0.12208172277357761
-80.46788727873056,7.64971191488356,-0.9109384609425045
435.03732817978903,-18.479274865704017,1.1511848518822676
-75.21662883082479,-42.09702227527854,1.4083217956682474
32.169134755309756,-6.337891263267348,0.4217563780855802
-76.12172087838611,-25.86912068477917,0.6037338962656501
-80.24379626396299,-13.94165175372582,0.05699584823193825
-81.73477907468911,5.583687690728054,-0.629598143137889
-73.44179455176933,-83.97859688033634,2.348090635082401
-66.43057051546764,29.62127480718013,-1.040293324355629
-73.60916087904155,-57.42977345202811,2.625330624125678
-83.87419758775934,23.64026022009779,-1.0474668068737636
99.23788074168725,25.08092713272249,0.11288920624166783
-78.64123888962216,-7.688010075015702,0.04450567820115991
32.113198265055914,3.3766647987788025,-0.4849698056595668
-80.21449431230155,-14.18601976525172,-0.013594453636690861
-81.30814972470536,21.621496059680553,-1.280089427010115
